scene,word
Artwork Room,Container
Artwork Room,Seat
Artwork Room,Wire
Artwork Room,Split
Artwork Room,Spot
Artwork Room,Artwork
Artwork Room,Stair
Artwork Room,Hinge
Artwork Room,Casing
Artwork Room,Wall
Artwork Room,Stool chair
Artwork Room,airtight
Artwork Room,unassuming
Artwork Room,coil
Artwork Room,crack
Artwork Room,split
Artwork Room,wing
Artwork Room,ads
Artwork Room,lead
Artwork Room,level
Artwork Room,mechanism
Artwork Room,smash
Artwork Room,grenade
Artwork Room,press
Artwork Room,Sat down
Artwork Room,airtight
Artwork Room,package
Artwork Room,hold
Artwork Room,crack
Artwork Room,Wing
Artwork Room,brochure
Artwork Room,ground
Artwork Room,mechanism
Artwork Room,grenade
Artwork Room,press on
Artwork Room,take a seat
Artwork Room,feed
Artwork Room,bloke
Artwork Room,climbing
Artwork Room,step over
Artwork Room,length
Artwork Room,tail
Artwork Room,tobacco
Artwork Room,halt
Artwork Room,exotic
Artwork Room,coordinate
Artwork Room,thief
Artwork Room,chucking
Artwork Room,beer
Artwork Room,discuss
Yoga Room,US flag
Yoga Room,Candanian flag
Yoga Room,UK flag
Yoga Room,Fan
Yoga Room,Mirror
Yoga Room,Speaker
Yoga Room,Tripod
Yoga Room,Exit sign
Yoga Room,Roof lamp
Yoga Room,vessel
Yoga Room,cruise
Yoga Room,direction
Yoga Room,pull down
Yoga Room,cheek
Yoga Room,mood
Yoga Room,interrelation
Yoga Room,support
Yoga Room,pack filter
Yoga Room,roundabout
Yoga Room,design
Yoga Room,cruising
Yoga Room,ship
Yoga Room,pull down
Yoga Room,cheek
Yoga Room,pop music
Yoga Room,hearer
Yoga Room,experiment
Yoga Room,roundabout
Yoga Room,design
Yoga Room,bridge
Yoga Room,coast
Yoga Room,traffic
Yoga Room,redevelop
Yoga Room,pain
Yoga Room,plummeting
Yoga Room,industry
Yoga Room,dome
Yoga Room,calculate
Yoga Room,reaching
Yoga Room,developer
Office,Desktop table
Office,Rolling chair
Office,Drawer
Office,Window
Office,Printer
Office,File holder (done)
Office,Backup lights (done)
Office,Carpet (done)
Office,Plant
Office,work
Office,lay down
Office,serve
Office,bring
Office,cope with
Office,demand
Office,organization
Office,remain
Office,separate
Office,complexity
Office,fit
Office,nutrient
Office,organism
Office,work
Office,lay down
Office,chest
Office,gas-fired
Office,business
Office,money
Office,cost
Office,fit
Office,melt
Office,player
Office,fork
Office,organization
Office,play
Office,manipulate
Office,independence
Office,lineup
Office,bullet
Office,immigration
Office,politic
Office,intend
Office,content
Office,multicellular
Library,Sofa
Library,Desktop
Library,Photo frame (done)
Library,Clock
Library,Bookshelf
Library,Computer desk
Library,Carpet
Library,settle
Library,multiple
Library,overlap
Library,lens
Library,strike
Library,junk
Library,between
Library,throughout
Library,academic
Library,archives
Library,biography
Library,book
Library,borrow
Library,call number
Library,card
Library,catalog
Library,due date
Library,encyclopedia
Library,fiction
Library,fine
Library,index
Library,Internet
Library,librarian
Library,loan
Library,online
Library,pass
Library,periodical
Library,noiseless
Library,reference
Library,renew
Library,research
Library,section
Library,stacks
Library,tuition
Library,check out
Library,maintain
Library,on request
Library,interlibrary loan
Library,register
Library,settle
Library,multiple
Library,leave
Library,teammate
Library,copy
Library,comfortably
Library,vacuum
Library,argument
Library,function
Library,centre
Library,collimate
Library,boat
Library,respective
Library,travel
Library,order
Library,scientific
Library,musician
Library,direction
Library,doctor
Library,landscape
Library,security
Library,flare
Library,profile
Library,taxpayer
Library,poems
Library,novelists
Library,defendant
Library,epilogue
Library,server
Library,print out
Library,subsidy
Library,network
Library,shooting
Library,magazine
Library,howling
Library,prime minister
Library,campaign
Library,medical
Library,expert
Library,larvae
Library,inflation
Library,councillor
Library,democracy
Library,protein
Library,permanent
Library,elector
Swimming Pool,Inflatable buoy
Swimming Pool,Duct
Swimming Pool,Pool ladders
Swimming Pool,Curtain
Swimming Pool,Skylight window
Swimming Pool,Cable jungle
Swimming Pool,Deck chair
Swimming Pool,Metal chair
Swimming Pool,issue
Swimming Pool,through
Swimming Pool,attic
Swimming Pool,fire
Swimming Pool,brighten up
Swimming Pool,complete
Swimming Pool,hybrid
Swimming Pool,position
Swimming Pool,height
Swimming Pool,issue
Swimming Pool,cloud
Swimming Pool,young
Swimming Pool,lit
Swimming Pool,student
Swimming Pool,legend
Swimming Pool,thug
Swimming Pool,height
Swimming Pool,government
Swimming Pool,follow
Swimming Pool,trunk
Swimming Pool,torch
Swimming Pool,enter
Swimming Pool,list
Swimming Pool,species
Swimming Pool,microphone
Swimming Pool,beautiful
Canteen,Hanging Lamp (done)
Canteen,Roof fan (done)
Canteen,String light (done)
Canteen,Flowerpot
Canteen,Hanging art (done)
Canteen,Food showcase (done)
Canteen,Proofer (done)
Canteen,Dining chair
Canteen,Basket
Canteen,Menu
Canteen,show window
Canteen,gable
Canteen,atmosphere
Canteen,mount
Canteen,protection
Canteen,leave
Canteen,spring
Canteen,pot
Canteen,equipment
Canteen,plan
Canteen,enjoy
Canteen,display
Canteen,war
Canteen,appliances
Canteen,effect
Canteen,lower
Canteen,curve
Canteen,drop into
Canteen,waste-paper
Canteen,feature
Canteen,consumers
Canteen,recipes
Canteen,print
Canteen,Shopping list
Canteen,dinette
Canteen,mounted
Canteen,Yellow
Canteen,winter
Canteen,artistic
Canteen,casting
Canteen,proofer
Canteen,atmosphere
Canteen,drop
Canteen,consumer
Canteen,stockroom
Canteen,invert
Canteen,earth
Canteen,church
Canteen,forelock
Canteen,cheer
Canteen,approach
Canteen,suggest
Canteen,gear
Canteen,consultant
Canteen,sumptuous
Canteen,statement
Canteen,soldier
Canteen,ownership
Canteen,public
Canteen,flora
Canteen,wrap around
Canteen,information
Canteen,sources
Canteen,driver
Canteen,delivering
Canteen,ingredient
Canteen,newspaper
Canteen,purchase
Park Space,tread
Park Space,overpass
Park Space,Landing
Park Space,Newel
Park Space,Handrail
Park Space,Baluster
Park Space,Glass wall
Park Space,Daylight
Park Space,Greenery
Park Space,block
Park Space,force
Park Space,cargo
Park Space,emergency
Park Space,construct
Park Space,vault
Park Space,central
Park Space,tomb
Park Space,elegant
Park Space,marble
Park Space,claim
Park Space,senior
Park Space,erect
Park Space,manager
Park Space,effort
Park Space,institution
Park Space,breakdown
Park Space,pesticide
Park Space,shrub
Park Space,initial
Park Space,inspection
Park Space,solid
Park Space,castle
Park Space,shower
Park Space,dismounting
Park Space,cargo
Park Space,vault
Park Space,hop
Park Space,tomb
Park Space,president
Park Space,breakdown
Park Space,shrubs
Park Space,castle
Park Space,agency
Park Space,docker
Park Space,emergency
Park Space,real estate
Park Space,entire
Park Space,stupa
Park Space,friary
Park Space,queen
Park Space,pearly white
Park Space,sunblock
Park Space,high school
Park Space,gravity
Park Space,manager
Park Space,interest rate
Park Space,professional
Park Space,contender
Park Space,pesticide
Park Space,mild
Park Space,justify
Park Space,surveyor
Park Space,methane gas
Park Space,barrack
Music Instrument Shop,carving
Music Instrument Shop,Guitar
Music Instrument Shop,Guitar case
Music Instrument Shop,Bass guitar
Music Instrument Shop,Violin
Music Instrument Shop,Ukelele
Music Instrument Shop,Earphone
Music Instrument Shop,Drum
Music Instrument Shop,Keyboard
Music Instrument Shop,Drums
Music Instrument Shop,Bongo drum
Music Instrument Shop,Piccolo
Music Instrument Shop,Harmonica
Music Instrument Shop,Banjo
Music Instrument Shop,Accordion
Music Instrument Shop,Gong
Music Instrument Shop,Clarinet
Music Instrument Shop,Buddle
Music Instrument Shop,Flute
Music Instrument Shop,Saxophone
Music Instrument Shop,Trombone
Music Instrument Shop,Tuba
Music Instrument Shop,Tambourine
Music Instrument Shop,Harp
Music Instrument Shop,Electric guitar
Music Instrument Shop,cornet
Music Instrument Shop,conga
Music Instrument Shop,snare drum
Music Instrument Shop,cello
Music Instrument Shop,Bell
Music Instrument Shop,Maracas
Music Instrument Shop,Double bass
Music Instrument Shop,Bass drum
Music Instrument Shop,Recorder
Music Instrument Shop,note
Music Instrument Shop,Lute
Music Instrument Shop,Lyre
Music Instrument Shop,Marimba
Music Instrument Shop,great
Music Instrument Shop,rhythms
Music Instrument Shop,customer
Music Instrument Shop,curse
Music Instrument Shop,weep
Music Instrument Shop,complete
Music Instrument Shop,earphone
Music Instrument Shop,setting
Music Instrument Shop,absorb
Music Instrument Shop,cymbal
Music Instrument Shop,across
Music Instrument Shop,tone
Music Instrument Shop,blow
Music Instrument Shop,bet
Music Instrument Shop,blanket
Music Instrument Shop,orchestra
Music Instrument Shop,trombone
Music Instrument Shop,sand
Music Instrument Shop,musician
Music Instrument Shop,vary
Music Instrument Shop,several
Music Instrument Shop,make up
Music Instrument Shop,conclude
Music Instrument Shop,par
Music Instrument Shop,transform
Music Instrument Shop,coincide
Music Instrument Shop,primary
Music Instrument Shop,pattern
Music Instrument Shop,consist
Music Instrument Shop,warning
Music Instrument Shop,extensive
Music Instrument Shop,double
Music Instrument Shop,crash
Music Instrument Shop,comb
Music Instrument Shop,nonsense
Music Instrument Shop,instrument
Music Instrument Shop,truck
Music Instrument Shop,combine
Airport waitng area,Book store
Airport waitng area,Floor
Airport waitng area,Tablet
Airport waitng area,Light
Airport waitng area,Table
Airport waitng area,Chair
Airport waitng area,Plant
Airport waitng area,Sign
Airport waitng area,Security scanner
Airport waitng area,Escalator
Airport waitng area,Massage chair
Airport waitng area,Mirror
Airport waitng area,Poster
Airport waitng area,Trash Can
Airport waitng area,bookshop
Airport waitng area,furniture
Airport waitng area,floor
Airport waitng area,keyboard
Airport waitng area,tablet
Airport waitng area,sun
Airport waitng area,lamp
Airport waitng area,tree
Airport waitng area,leg
Airport waitng area,seat
Airport waitng area,leaf
Airport waitng area,roof
Airport waitng area,light
Airport waitng area,water
Airport waitng area,event
Airport waitng area,building
Airport waitng area,restaurant
Airport waitng area,motors
Airport waitng area,mirror
Airport waitng area,public
Airport waitng area,police
Airport waitng area,house
Airport waitng area,"Security scanner"
Glass meterial shop,Light
Glass meterial shop,Clock
Glass meterial shop,Monitor
Glass meterial shop,Poster
Glass meterial shop,Bin
Glass meterial shop,Plant
Glass meterial shop,Picture
Glass meterial shop,Wooden door
Glass meterial shop,Map
Glass meterial shop,Glass fragile
Glass meterial shop,Packing papers
Glass meterial shop,Basket
Glass meterial shop,Wrapping paper
Glass meterial shop,Sun
Glass meterial shop,lamp
Glass meterial shop,instrument
Glass meterial shop,room
Glass meterial shop,wall
Glass meterial shop,computer
Glass meterial shop,screen
Glass meterial shop,monitor
Glass meterial shop,television
Glass meterial shop,picture
Glass meterial shop,poster
Glass meterial shop,bin
Glass meterial shop,earth
Glass meterial shop,leaf
Glass meterial shop,roof
Glass meterial shop,water
Glass meterial shop,painting
Glass meterial shop,person
Glass meterial shop,book
Glass meterial shop,country
Glass meterial shop,town
Glass meterial shop,river
Glass meterial shop,basket
Glass meterial shop,plastic
Glass meterial shop,wire
Glass meterial shop,paper
Outdoor space,Tree
Outdoor space,Grass
Outdoor space,Sofa
Outdoor space,Building
Outdoor space,Brick
Outdoor space,Wooden wall
Outdoor space,Drain cover
Outdoor space,Sky
Outdoor space,Chair
Outdoor space,Table
Outdoor space,zinc
Outdoor space,plant
Outdoor space,tree
Outdoor space,stems
Outdoor space,cows
Outdoor space,horses
Outdoor space,sheep
Outdoor space,arms
Outdoor space,apartment building
Outdoor space,house
Outdoor space,clay
Outdoor space,individual
Outdoor space,block
Outdoor space,school
Outdoor space,house
Outdoor space,stainless steal
Outdoor space,space
Outdoor space,cloud
Outdoor space,sun
Outdoor space,star
Outdoor space,moon
Outdoor space,furniture
Outdoor space,person
Outdoor space,leg
Outdoor space,seat
Outdoor space,copper
Outdoor space,metal
Outdoor space,temporary
Outdoor space,home
Waiting Room ,computer
Waiting Room ,Door
Waiting Room ,Exit
Waiting Room ,Security camera
Waiting Room ,Mat
Waiting Room ,Chair
Waiting Room ,Printer
Waiting Room ,Telephone
Waiting Room ,Folder
Waiting Room ,Document
Waiting Room ,Remote control
Waiting Room ,Keyboard
Waiting Room ,Mouse
Waiting Room ,Mouse pad
Waiting Room ,Trash can
Waiting Room ,Water generator
Waiting Room ,Plant
Waiting Room ,Picture
Waiting Room ,Tissue
Waiting Room ,floor
Waiting Room ,Machine
Waiting Room ,Wood
Waiting Room ,Glass
Waiting Room ,Room
Waiting Room ,Building
Waiting Room ,Cupboard
Waiting Room ,Bedroom
Waiting Room ,Balcony
Waiting Room ,Vehicle
Waiting Room ,Fire
Waiting Room ,Carpet
Waiting Room ,Foot
Waiting Room ,Funiture
Waiting Room ,Desk
Waiting Room ,Paper
Waiting Room ,Cable
Waiting Room ,Radio
Waiting Room ,Card
Waiting Room ,Plastic
Waiting Room ,File
Waiting Room ,Television
Waiting Room ,Key
Waiting Room ,Smartphone
Waiting Room ,Tablet
Waiting Room ,Rubbish
Waiting Room ,Street
Waiting Room ,Earth
Waiting Room ,Root
Waiting Room ,Tree
Waiting Room ,Child
Waiting Room ,Pet
Waiting Room ,Handkerchief
Waiting Room ,Kitchen
,
Retail Store ,Lamp
Retail Store ,Desk
Retail Store ,Sofa
Retail Store ,Clothes
Retail Store ,Sign
Retail Store ,Watch
Retail Store ,Arms
Retail Store ,Basket
Retail Store ,Mirror
Retail Store ,Wood
Retail Store ,Light
Retail Store ,floor
Retail Store ,Oil
Retail Store ,Gas
Retail Store ,Light
Retail Store ,Drawer
Retail Store ,TV
Retail Store ,Trousers
Retail Store ,Dress
Retail Store ,Jacket
Retail Store ,Soldier
Retail Store ,Pocket
Retail Store ,Container
Retail Store ,Image
Retail Store ,Fireplace
Retail Store ,Tree
Retail Store ,Fuel
Retail Store ,Bathroom
Retail Store ,Water
,
Counselor Office,Armchair
Counselor Office,Desk
Counselor Office,Keyboard
Counselor Office,Mouse
Counselor Office,Mousepad
Counselor Office,Monitor
Counselor Office,Light
Counselor Office,Door
Counselor Office,Sofa
Counselor Office,Picture
Counselor Office,Wall
Counselor Office,Wooden decor
Counselor Office,Zinc
Counselor Office,Elevator
Counselor Office,Drawer
Counselor Office,Key
Counselor Office,Smart Phone
Counselor Office,Tablet
Counselor Office,Wood
Counselor Office,Glass
Counselor Office,Room
Counselor Office,Building
Counselor Office,Cupboard
Counselor Office,Laundry
Counselor Office,Garage
Counselor Office,Apartment
Counselor Office,Village
Counselor Office,Stone
Counselor Office,Brick
,
Administration Office,Desk
Administration Office,Chair
Administration Office,Shelf
Administration Office,Plant
Administration Office,Wooden decor
Administration Office,Picture
Administration Office,Television
Administration Office,Keyboard
Administration Office,Monitor
Administration Office,Mouse
Administration Office,Mousepad
Administration Office,Printer
Administration Office,Water boiler
Administration Office,Floor
Administration Office,Security camera
Administration Office,Door
Administration Office,Drawer
Administration Office,Bookcase
Administration Office,Cupboard
Administration Office,Library
Administration Office,Book
Administration Office,Food
Administration Office,Butterfly
Administration Office,Supermarket
Administration Office,Television
Administration Office,Key
Administration Office,Smart Phone
Administration Office,Tablet
Administration Office,Speaker
Administration Office,Cable
Administration Office,Briefcase
,
Studio Fitness,Wall
Studio Fitness,Dancing room
Studio Fitness,Bathroom
Studio Fitness,Mirror
Studio Fitness,Sink
Studio Fitness,Bin
Studio Fitness,Gym ball
Studio Fitness,cross trainer
Studio Fitness,dumb-bell
Studio Fitness,Stone
Studio Fitness,Brick
Studio Fitness,Garden
Studio Fitness,Washbasin
Studio Fitness,Toilet
Studio Fitness,Image
Studio Fitness,Fireplace
Studio Fitness,Container
Studio Fitness,Water
Studio Fitness,Bottle
Studio Fitness,Foot
Studio Fitness,Arm
,
Collaboration Workshop,Sofa
Collaboration Workshop,Pillow
Collaboration Workshop,Table
Collaboration Workshop,Armchair
Collaboration Workshop,Clock
Collaboration Workshop,Floor
Collaboration Workshop,Brick
Collaboration Workshop,Sign
Collaboration Workshop,Door
Collaboration Workshop,Light
Collaboration Workshop,Picture
Collaboration Workshop,Shelf
Collaboration Workshop,book
Collaboration Workshop,Perfume
Collaboration Workshop,Bed
Collaboration Workshop,Grass
Collaboration Workshop,Backpack
Collaboration Workshop,Table
Collaboration Workshop,Cushion
Collaboration Workshop,Kitchen
Collaboration Workshop,Newspaper
Collaboration Workshop,Pool
Collaboration Workshop,Spring
Collaboration Workshop,Refrigerator
Collaboration Workshop,Bookcase
Collaboration Workshop,mug
,
Seaport,Mast
Seaport,Mainsail
Seaport,Jib
Seaport,Forestay
Seaport,Clew
Seaport,Tiller
Seaport,Rudder
Seaport,Hull
Seaport,Keel
Seaport,Bow
Seaport,Pulpit
Seaport,Tailshaft
Seaport,Propeller
Seaport,Kort nozzle
Seaport,Rudder blade
Seaport,Tyre fender
Seaport,gunwale
Seaport,Hatch
Seaport,Hawser
Seaport,Winch
Seaport,Funnel
Seaport,Antenna
Seaport,Siren
Seaport,Flag
Seaport,Capstan
Seaport,Boat
Seaport,Ferry
Seaport,Schooner
Seaport,Ship
Seaport,Barge
Seaport,Catamaran
Seaport,Canoe
Seaport,Yacht
Seaport,Gondola
Seaport,Hovercraft
Seaport,Sailboat
Seaport,Trawler
Seaport,Submarine
Seaport,Battleship
Seaport,Destroyer
Seaport,Speedboat
Seaport,Cruiser
Seaport,Ferry
Seaport,Harbor
Seaport,Lighthouse
Seaport,Island
Seaport,Fisherman
Seaport,Inner tube
Seaport,Flip flop
Seaport,Bucket
Seaport,Umbrella
Seaport,sandcastle
Seaport,Surfboard
Seaport,Ice cream
Seaport,Sunglasses
Seaport,Deckchair
Seaport,Cocktail
Seaport,Shell
Seaport,Starfish
Seaport,Seagull
Seaport,Whale
Seaport,Crab
Seaport,Turtle
Seaport,Jellyfish
Seaport,Octopus
Seaport,Shark
Seaport,Seal
Seaport,Fish
Seaport,Dolphin
Seaport,Seahorse
Seaport,Beach
Seaport,Seaweed
Seaport,Coral
,
Flower hill,Mountain
Flower hill,Forest
Flower hill,Cliff
Flower hill,Valley
Flower hill,Waterfall
Flower hill,Sunrise
Flower hill,Rock
Flower hill,Moss
Flower hill,Evergreen
Flower hill,Peak
Flower hill,Pebble
Flower hill,Atlas
Flower hill,Avalanche
Flower hill,Blizzard
Flower hill,Cable car
Flower hill,Continent
Flower hill,Conservation
Flower hill,Climate
Flower hill,Crevasse
Flower hill,Employment
Flower hill,Environment
Flower hill,Erosion
Flower hill,Glacier
Flower hill,Globe
Flower hill,Goggles
Flower hill,Hill
Flower hill,Iceberg
Flower hill,Ice cap
Flower hill,Ice field
Flower hill,Ice rink
Flower hill,Ice sheet
Flower hill,Ice Skate
Flower hill,Landscape
Flower hill,Moraine
Flower hill,Ravine
Flower hill,Resort
Flower hill,Alpinist
Flower hill,Binoculars
Flower hill,Campfire
Flower hill,Lake
Flower hill,River
Flower hill,Tree
Flower hill,Ski
Flower hill,Bear
Flower hill,Deer
Flower hill,Goat
Flower hill,Tent
Flower hill,Backpack
Flower hill,Compass
Flower hill,Sleeping bag
Flower hill,lamp
Flower hill,Hiking Boots
Flower hill,First aid
Flower hill,Matches
Flower hill,Stove
Flower hill,Mat
Flower hill,Flashlight
Flower hill,Rope
Flower hill,PocketKnife
Flower hill,Map
Flower hill,Mug
Flower hill,Repellent
Flower hill,Flask
Flower hill,Marshmallow
Flower hill,Saw
Flower hill,Canned
Flower hill,Fishing rod
Flower hill,Stool
Flower hill,Cooler
Flower hill,Thermos
Flower hill,Caravan
Flower hill,Hammock
Flower hill,Grill grate
Flower hill,Axe
Flower hill,Kettle
Flower hill,Sailboarding
Flower hill,Base jumping
Flower hill,Bungee jumping
Flower hill,Bouldering
Flower hill,Motocross
Flower hill,Mountaineering
Flower hill,Hang gliding
Flower hill,Skydiving
Flower hill,Paragliding
Flower hill,Sand kitting
Flower hill,Scuba diving
Flower hill,Waterskiing
Flower hill,Skateboarding
Flower hill,glove
Flower hill,lighter
Flower hill,Penknife
Flower hill,Knife
Flower hill,Lantern
Flower hill,Burner
Flower hill,Deskchair
Flower hill,Grill
Flower hill,Charcoal
Flower hill,Tong for charcoal
Flower hill,Mat
Flower hill,Skewer
Flower hill,Campervan
Flower hill,Camera
Flower hill,Sun screen
Flower hill,Sunglasses
Flower hill,Cap
Flower hill,Canteen
Flower hill,Rope
Flower hill,Folding Chair
Flower hill,Lotus
Flower hill,Water Lily
Flower hill,Lily
Flower hill,Daisy
Flower hill,Rose
Flower hill,Calendula
Flower hill,Gladiolus
Flower hill,Hibiscus
Flower hill,Sunflower
Flower hill,Jasmine
Flower hill,Orchids
Flower hill,Petunia
Flower hill,Tulip
Flower hill,Periwinkle
Flower hill,Bougainvillea
Flower hill,Perple Mallow
Flower hill,Aster
Flower hill,Dahlia
Flower hill,Arum Lily
Flower hill,Nerium Oleander
Flower hill,Dianthus
Flower hill,Poppy
Flower hill,Cockscomb
Flower hill,Buttercup
Flower hill,Lilac
Flower hill,Tiger lily
Flower hill,Morning glory
Flower hill,Canna
Flower hill,Ixora
Flower hill,Plumeria
Flower hill,Pansy
Flower hill,Common Bluebell
Flower hill,Daffodil
Flower hill,Carnation
Flower hill,Beavertail Cactus
Flower hill,Globe amaranth
Flower hill,Peony
Flower hill,Bird of paradise
Flower hill,Lavender
,
Hill station,Mountain
Hill station,Jungle
Hill station,Cliff
Hill station,Hill
Hill station,Beach
Hill station,River
Hill station,Lake
Hill station,Waterfall
Hill station,Volcano
Hill station,Desert
Hill station,Rainforest
Hill station,Island
Hill station,Coast
Hill station,Plain
Hill station,Oasis
Hill station,Iceberg
Hill station,Sea
Hill station,Bay
Hill station,Valley
Hill station,Forest
Hill station,Prairie
Hill station,Peninsula
Hill station,Ocean
Hill station,Fjord
Hill station,Glacier
Hill station,Canyon
Hill station,Cave
Hill station,Dune
Hill station,Gulf
Hill station,Plateau
Hill station,Archipelago
Hill station,Statue
Hill station,Tent
Hill station,Backpack
Hill station,Compass
Hill station,Sleeping bag
Hill station,lamp
Hill station,Hiking Boots
Hill station,First aid
Hill station,Matches
Hill station,Stove
Hill station,Mat
Hill station,Flashlight
Hill station,Rope
Hill station,PocketKnife
Hill station,Map
Hill station,Mug
Hill station,Repellent
Hill station,Flask
Hill station,Marshmallow
Hill station,Saw
Hill station,Canned
Hill station,Fishing rod
Hill station,Stool
Hill station,Cooler
Hill station,Thermos
Hill station,Caravan
Hill station,Hammock
Hill station,Grill grate
Hill station,Axe
Hill station,Kettle
Hill station,Sailboarding
Hill station,Base jumping
Hill station,Bungee jumping
Hill station,Bouldering
Hill station,Motocross
Hill station,Mountaineering
Hill station,Hang gliding
Hill station,Skydiving
Hill station,Paragliding
Hill station,Sand kitting
Hill station,Scuba diving
Hill station,Waterskiing
Hill station,Skateboarding
Hill station,glove
Hill station,lighter
Hill station,Penknife
Hill station,Knife
Hill station,Lantern
Hill station,Burner
Hill station,Deskchair
Hill station,Grill
Hill station,Charcoal
Hill station,Tong for charcoal
Hill station,Mat
Hill station,Skewer
Hill station,Campervan
Hill station,Camera
Hill station,Sun screen
Hill station,Sunglasses
Hill station,Cap
Hill station,Canteen
Hill station,Rope
Hill station,Folding Chair
Hill station,Mountain
Hill station,Forest
Hill station,Cliff
Hill station,Valley
Hill station,Waterfall
Hill station,Sunrise
Hill station,Rock
Hill station,Moss
Hill station,Evergreen
Hill station,Peak
Hill station,Pebble
Hill station,Atlas
Hill station,Avalanche
Hill station,Blizzard
Hill station,Cable car
Hill station,Continent
Hill station,Conservation
Hill station,Climate
Hill station,Crevasse
Hill station,Employment
Hill station,Environment
Hill station,Erosion
Hill station,Glacire
Hill station,Globe
Hill station,Googles
Hill station,Hill
Hill station,Iceberg
Hill station,Ice cap
Hill station,Ice field
Hill station,Ice rink
Hill station,Ice sheet
Hill station,Ice Skate
Hill station,Landscape
Hill station,Moraine
Hill station,Ravine
Hill station,Resort
Hill station,Alpinist
Hill station,Binoculars
Hill station,Campfire
Hill station,Lake
Hill station,River
Hill station,Tree
Hill station,Ski
Hill station,Bear
Hill station,Deer
Hill station,Goat
,
Football field,referee
Football field,bench
Football field,whistle
Football field,Booth
Football field,Traffic cone
Football field,Statue
Football field,medal
Football field,supporters scarf
Football field,stedium light
Football field,goalkeeper
Football field,Stage
Football field,ball
Football field,red card
Football field,yellow card
Football field,football goal
Football field,linesmen
Football field,gaolkeeper gloves
Football field,trophy
Football field,scoreboard
Football field,football cleats
Football field,volleyball
Football field,hang gliding
Football field,tennis
Football field,boxing
Football field,skiing
Football field,basketball
Football field,baseball
Football field,waterskiing
Football field,rock climbing
Football field,hockey
Football field,golf
Football field,snowboarding
Football field,surfing
Football field,football
Football field,skateboarding
Football field,karate
Football field,windsurfing
Football field,archery
Football field,parachute
Football field,cycling
Football field,jogging
Football field,in-line skating
Football field,roller skating
Football field,weightlifting
Football field,ice skating
Football field,gymnastic
Football field,baseball cap
Football field,baseball bat
Football field,baseball mitt
Football field,basketball ball
Football field,basketball hoop
Football field,goft ball
Football field,goft club
Football field,soccer
Football field,tennis shoe
Football field,tennis racket
Football field,saucer cones
Football field,poly spots
Football field,marking cones
Football field,step hurdle
Football field,relay baton
Football field,frisbee
Football field,rugby
Football field,medicine ball
Football field,nylon bib
Football field,cricket
Football field,cricket bat
Football field,cricket ball
Football field,cricket stump
Football field,football net
Football field,javelin
Football field,volleyball net
Football field,rubber discus
Football field,shot put ball
Football field,agility ladder
Football field,shin guard
Football field,gear bag
Football field,treadmill
Football field,weight bench
Football field,cross trainer
Football field,boxing gloves
Football field,elliptical
Football field,exercise bike
Football field,multi hip
Football field,shoulder press machine
Football field,incline chest press machine
Football field,leg extension
Football field,seated leg curl
Football field,multi pulley
Football field,adjustable bench
Football field,adjustable dumbbells
Football field,yoga mat
Football field,resistence bands
Football field,inflatable exercise ball
Football field,foan roller
Football field,bow
Football field,arrow
Football field,badminton
Football field,shuttlecock
Football field,rollerblade
Football field,goggles
Football field,wetsuit
Football field,skateboard
Football field,helmet
Football field,net
Football field,hockey
Football field,hockey stick
Football field,bowling
Football field,bowling ball
Football field,bowling pin
Football field,desert boots
Football field,fishing rod
Football field,saddle
Football field,fin flippers
Football field,fin mask
Football field,snorkel
Football field,billiards
Football field,cue
Football field,cue ball
,
Group camping,wheel
Group camping,tire
Group camping,turn signal
Group camping,bumper
Group camping,license plate
Group camping,headlight
Group camping,hood
Group camping,windshield
Group camping,rear-view mirror
Group camping,steering
Group camping,roof
Group camping,seat
Group camping,window
Group camping,tailgate
Group camping,handle
Group camping,outside mirror
Group camping,door
Group camping,seat belt
Group camping,exhaust system
Group camping,brake
Group camping,grille
Group camping,battery
Group camping,trunk
Group camping,brake light
Group camping,hubcap
Group camping,buckle
Group camping,engine
Group camping,muffler
Group camping,motor oil
Group camping,funnel
Group camping,gas can
Group camping,jumper cable
Group camping,dipstick
Group camping,blinker
Group camping,horn
Group camping,fuel gauge
Group camping,clutch
Group camping,accelerator
Group camping,gearshift
Group camping,odometer
Group camping,micro car
Group camping,sedan car
Group camping,cuv
Group camping,suv (sport utility vehicle)
Group camping,hatchback
Group camping,roadster
Group camping,pickup
Group camping,van
Group camping,coupe
Group camping,supercar
Group camping,camper van
Group camping,mini truck
Group camping,cabriolet
Group camping,minivan
Group camping,truck
Group camping,taxi
Group camping,police car
Group camping,bus
Group camping,ambulance
Group camping,skateboard
Group camping,baby carriage
Group camping,bicycle
Group camping,mountain bike
Group camping,scooter
Group camping,motorcycle
Group camping,fire engine
Group camping,crane
Group camping,forklift
Group camping,tractor
Group camping,recycling truck
Group camping,cement mixer
Group camping,dump truck
Group camping,subway
Group camping,aerial tramway
Group camping,helicopter
Group camping,airplane
Group camping,balloon
Group camping,streetcar
Group camping,carriage
Group camping,rowboat
Group camping,boat
Group camping,train
Group camping,intersection
Group camping,turnpike
Group camping,motorway
Group camping,dual carriageway
Group camping,verge
Group camping,pavement
Group camping,lane
Group camping,tent
Group camping,backpack
Group camping,compass
Group camping,sleeping bag
Group camping,oil lamp
Group camping,hiking boots
Group camping,first aid kit
Group camping,matches
Group camping,camping stove
Group camping,camping mat
Group camping,flashlight
Group camping,rope
Group camping,pocket knife
Group camping,map
Group camping,mug
Group camping,repellent
Group camping,flask
Group camping,marshmallow
Group camping,saw
Group camping,canned food
Group camping,fishing rod
Group camping,camping stool
Group camping,cooler
Group camping,thermos
Group camping,caravan
Group camping,hammock
Group camping,grill grate
Group camping,axe
Group camping,kettle
Group camping,sandbording
Group camping,base jumping
Group camping,bungee jumping
Group camping,bouldering
Group camping,motorcross
Group camping,mountaineering
Group camping,hang gliding
Group camping,skydriving
Group camping,paraglinding
Group camping,sand kitting
Group camping,scuba diving
Group camping,water skiing
Group camping,skatebording
Group camping,gloves
Group camping,lighter
Group camping,pen knife
Group camping,knives
Group camping,lantern
Group camping,burner
Group camping,deskchair
Group camping,barbeque grill
Group camping,charcoal
Group camping,tong for charcoal
Group camping,mat
Group camping,skewer
Group camping,campervan
Group camping,camera
Group camping,sun screen
Group camping,sun glasses
Group camping,cap
Group camping,canteen
Group camping,rope
Group camping,folding chair
,
Industrial town,apple
Industrial town,apricot
Industrial town,avocado
Industrial town,banana
Industrial town,blackberry
Industrial town,blackcurrant
Industrial town,blueberry
Industrial town,breadfruit
Industrial town,cantaloupe
Industrial town,starfruit
Industrial town,cherimoya (sugar apple)
Industrial town,cherry
Industrial town,clementine
Industrial town,coconut
Industrial town,cranberry
Industrial town,custard-apple
Industrial town,dried fruit
Industrial town,durian
Industrial town,elderberry
Industrial town,feijoa
Industrial town,fig
Industrial town,gooseberry
Industrial town,grapefruit
Industrial town,grape
Industrial town,guava
Industrial town,honeydew melon
Industrial town,jackfruit
Industrial town,java-plum
Industrial town,jujube fruit
Industrial town,kiwi fruit
Industrial town,kumquat
Industrial town,lemon
Industrial town,lime
Industrial town,lime
Industrial town,longan
Industrial town,loquat
Industrial town,lychee
Industrial town,mandarin
Industrial town,mango
Industrial town,mangosteen
Industrial town,mulberry
Industrial town,nectarine
Industrial town,olive
Industrial town,orange
Industrial town,papaya
Industrial town,passion fruit
Industrial town,peache
Industrial town,pear
Industrial town,persimmon
Industrial town,pitaya (dragonfruit)
Industrial town,pineapple
Industrial town,pitanga
Industrial town,plantain
Industrial town,plum
Industrial town,pomegranate
Industrial town,prickly pear
Industrial town,prune
Industrial town,pummelo
Industrial town,quince
Industrial town,raspberry
Industrial town,rhubarb
Industrial town,rose-apple
Industrial town,sapodilla
Industrial town,mamey sapote
Industrial town,soursop
Industrial town,strawberry
Industrial town,sugar-apple
Industrial town,tamarind
Industrial town,tangerine
Industrial town,watermelon
Industrial town,amaranth leaves
Industrial town,arrowroot
Industrial town,arrowroot
Industrial town,artichoke
Industrial town,arugula
Industrial town,asparagus
Industrial town,bamboo shoots
Industrial town,bean
Industrial town,beet
Industrial town,belgian endive
Industrial town,bitter melon
Industrial town,bok choy
Industrial town,broad bean (fava beans)
Industrial town,broccoli
Industrial town,broccoli rabe
Industrial town,brussel sprout
Industrial town,cabbage
Industrial town,"cabbage, red"
Industrial town,carrot
Industrial town,cassava (yuca root)
Industrial town,cauliflower
Industrial town,celeriac (celery root)
Industrial town,celery
Industrial town,chayote
Industrial town,chicory (curly endive)
Industrial town,collards
Industrial town,corn
Industrial town,crookneck
Industrial town,cucumber
Industrial town,daikon
Industrial town,dandelion greens
Industrial town,soybeans
Industrial town,eggplant
Industrial town,fennel
Industrial town,fiddleheads
Industrial town,ginger
Industrial town,horseradish
Industrial town,jicama
Industrial town,kale
Industrial town,kohlrabi
Industrial town,leek
Industrial town,lettuce
Industrial town,"lettuce, leaf"
Industrial town,"lettuce, romaine"
Industrial town,mushroom
Industrial town,mustard greens
Industrial town,okra
Industrial town,green onion
Industrial town,onion
Industrial town,parsnip
Industrial town,pea
Industrial town,peppercorn
Industrial town,red pepper
Industrial town,pepper
Industrial town,potato
Industrial town,sweet potato
Industrial town,potatoes_small
Industrial town,"potato, yellow"
Industrial town,pumpkin
Industrial town,radicchio
Industrial town,radishes
Industrial town,rutabaga
Industrial town,salsify (oysterplant)
Industrial town,shallots
Industrial town,snow pea
Industrial town,sorrel (dock)
Industrial town,spaghetti squash
Industrial town,spinach
Industrial town,squash
Industrial town,sugar snap
Industrial town,sweet potato
Industrial town,swiss chard
Industrial town,tomatillo
Industrial town,tomato
Industrial town,turnip
Industrial town,watercress
Industrial town,yam root
Industrial town,zucchini
Industrial town,skirt
Industrial town,bikini
Industrial town,trousers
Industrial town,jumper
Industrial town,sneaker
Industrial town,hoodie
Industrial town,vest
Industrial town,high heels
Industrial town,flip flops
Industrial town,handbag
Industrial town,tank top
Industrial town,singlet
Industrial town,boot
Industrial town,shorts
Industrial town,polo shirt
Industrial town,umbrella
Industrial town,dress
Industrial town,hawaiian shirt
Industrial town,mitten
Industrial town,sock
Industrial town,swimsuit
Industrial town,trench coat
Industrial town,winter coat
Industrial town,straw hat
Industrial town,cap
Industrial town,scarf
Industrial town,sunglasses
Industrial town,apron
Industrial town,necklace
Industrial town,watch
Industrial town,sock
Industrial town,tie
Industrial town,bow tie
Industrial town,purse
Industrial town,ring
Industrial town,glove
Industrial town,scarf
Industrial town,umbrella
Industrial town,boot
Industrial town,mitten
Industrial town,stocking
Industrial town,earmuffs
Industrial town,bobby pin
Industrial town,hair band
Industrial town,safety pin
Industrial town,pocket watch
Industrial town,beanie
Industrial town,cap
Industrial town,beret
Industrial town,straw hat
Industrial town,derby hat
Industrial town,helmet
Industrial town,top hat
Industrial town,mortar board
Industrial town,bib overalls
Industrial town,mitten
Industrial town,beanie
Industrial town,baby apron
Industrial town,sock
Industrial town,diaper
Industrial town,singlet
Industrial town,shoe
Industrial town,safety pin
Industrial town,sweater
Industrial town,shirt
Industrial town,jeans
Industrial town,glove
Industrial town,cap
Industrial town,suit
Industrial town,hawaiian shirt
Industrial town,singlet
Industrial town,business shoes
Industrial town,flip flops
Industrial town,short
Industrial town,cardigan
Industrial town,jacket
Industrial town,sport shoes
Industrial town,bow tie
Industrial town,sleeveless
Industrial town,vest
Industrial town,long-sleeve top
Industrial town,polo shirt
Industrial town,jumper
Industrial town,trench coat
Industrial town,bathrobe
Industrial town,cargo pants
Industrial town,swimsuit
Industrial town,blazer
Industrial town,t-shirt
Industrial town,belt
Industrial town,underpants
Industrial town,waistcoat
Industrial town,socks
Industrial town,tie
Industrial town,pullover
Industrial town,umbrella
Industrial town,scarf
Industrial town,sunglasses
Industrial town,glasses
Industrial town,boots
Industrial town,wallet
Industrial town,handbag
Industrial town,watch
Industrial town,wedding dress
Industrial town,sweater
Industrial town,t-shirt
Industrial town,sheath dress
Industrial town,dress
Industrial town,gym clothes
Industrial town,bra
Industrial town,tank top
Industrial town,shorts
Industrial town,hoodie
Industrial town,jeans
Industrial town,long coat
Industrial town,uniform
Industrial town,coat
Industrial town,dress pants
Industrial town,swimsuit
Industrial town,long-sleeve top
Industrial town,skirt
Industrial town,thong
Industrial town,hat
Industrial town,necklace
Industrial town,ring
Industrial town,earring
Industrial town,perfume
Industrial town,mittens
Industrial town,sunglasses
Industrial town,handbag
Industrial town,bracelet
Industrial town,purse
Industrial town,watch
Industrial town,umbrella
Industrial town,scarf
Industrial town,slip
Industrial town,high-heeled shoes
Industrial town,flip-flops
Industrial town,boots
Industrial town,stockings
Industrial town,jacket
Industrial town,beanie
Industrial town,sweater
Industrial town,gloves
Industrial town,fleece jacket
Industrial town,jeans
Industrial town,mittens
Industrial town,scarf
Industrial town,socks
Industrial town,trench coat
Industrial town,jacket
Industrial town,long coat
Industrial town,long-sleeve top
Industrial town,boots
Industrial town,earmuffs
Industrial town,cardigan
Industrial town,t-shirt
Industrial town,dress
Industrial town,singlet
Industrial town,cap
Industrial town,one-piece bathing suit
Industrial town,hawaiian shirt
Industrial town,sunglasses
Industrial town,swim trunks
Industrial town,straw hat
Industrial town,polo shirt
Industrial town,overalls
Industrial town,bikini
Industrial town,shorts
Industrial town,tank top
Industrial town,flip flops
Industrial town,toner
Industrial town,mirror
Industrial town,brightener
Industrial town,makeup kit
Industrial town,nail polish
Industrial town,lip gloss
Industrial town,lip liner
Industrial town,foundation
Industrial town,eyeliner
Industrial town,eye shadow
Industrial town,lipstick
Industrial town,mascara
Industrial town,cleanser
Industrial town,tanning lotion
Industrial town,bronzer
Industrial town,moisturizer
Industrial town,face cream
Industrial town,concealer
Industrial town,primer
Industrial town,blush
Industrial town,brush
Industrial town,perfume
Industrial town,hand lotion
Industrial town,razor
Industrial town,tissue
Industrial town,sunglasses
Industrial town,hand mirror
Industrial town,wet wipe
Industrial town,toothbrush
Industrial town,sunscreen
Industrial town,deodorant
Industrial town,toothpaste
Industrial town,cotton swab (u.s) â€“ cotton bud (u.k)
Industrial town,tweezers
Industrial town,scissors
Industrial town,mouthwash
Industrial town,dental floss
Industrial town,comb
Industrial town,hairspray
Industrial town,hair clip
Industrial town,hairband
Industrial town,hairbrush
Industrial town,bobby pin
Industrial town,hairdryer
Industrial town,Hair gel
,
Computer Classroom ,adapter
Computer Classroom ,timber
Computer Classroom ,Polished
Computer Classroom ,shelf
Computer Classroom ,clothes peg
Computer Classroom ,bookshelf
Computer Classroom ,Printer
Computer Classroom ,plastic bag
Computer Classroom ,wardrobe
Computer Classroom ,net
Computer Classroom ,CCTV camera
Computer Classroom ,projector
Computer Classroom ,monitor
Computer Classroom ,File
Computer Classroom ,flag
Computer Classroom ,whiteboard
Computer Classroom ,clock
Computer Classroom ,air conditioner
Computer Classroom ,safety box
Computer Classroom ,board
Computer Classroom ,chair
Computer Classroom ,Lecture table
Computer Classroom ,wall
Computer Classroom ,window
Computer Classroom ,brown
Computer Classroom ,bear
Computer Classroom ,Frame
Computer Classroom ,smooth
Computer Classroom ,bright
Computer Classroom ,white
Computer Classroom ,grey
Computer Classroom ,brown
Computer Classroom ,inside
Computer Classroom ,on
Computer Classroom ,empty
Computer Classroom ,messy
Computer Classroom ,keyboard
Computer Classroom ,wire
Computer Classroom ,wonderful
Computer Classroom ,thick
Computer Classroom ,leave
Computer Classroom ,intense
Computer Classroom ,smile
Computer Classroom ,complaint
Computer Classroom ,painful
Computer Classroom ,loop
Computer Classroom ,fill
Computer Classroom ,waitress
Computer Classroom ,thin
Computer Classroom ,joystick
Computer Classroom ,skin
Computer Classroom ,climate
Computer Classroom ,standard
Computer Classroom ,rainforest
Computer Classroom ,brilliant
Computer Classroom ,against
Computer Classroom ,pound
Computer Classroom ,highway
Computer Classroom ,success
Computer Classroom ,weekend
Computer Classroom ,cupboard
Computer Classroom ,needle
Computer Classroom ,action
Computer Classroom ,mobile
Computer Classroom ,doctor
Computer Classroom ,focus
Computer Classroom ,shareholder
Computer Classroom ,village
Computer Classroom ,tick
Computer Classroom ,climate
Computer Classroom ,contain
Computer Classroom ,roof
Computer Classroom ,effect
Computer Classroom ,negotiate
Computer Classroom ,muddy
Computer Classroom ,penthouse
Computer Classroom ,wonderful
Computer Classroom ,thick
Computer Classroom ,leave
Computer Classroom ,intense
Computer Classroom ,smile
Computer Classroom ,complaint
Computer Classroom ,painful
Computer Classroom ,loop
Computer Classroom ,fill
Computer Classroom ,waitress
Computer Classroom ,thin
Computer Classroom ,joystick
Computer Classroom ,skin
Computer Classroom ,inspiring
Computer Classroom ,lip
Computer Classroom ,college
Computer Classroom ,withdraw
Computer Classroom ,twinkled
Computer Classroom ,city
Computer Classroom ,burn
Computer Classroom ,recall
Computer Classroom ,break
Computer Classroom ,cheerful
Computer Classroom ,shake
Computer Classroom ,winchman
Computer Classroom ,supple
Computer Classroom ,droughts
,
Sport club,japanese flag
Sport club,US flag
Sport club,judo uniform
Sport club,surf shirt
Sport club,swim trunk
Sport club,1 piece bathing suit
Sport club,2 piece bathing suit
Sport club,short swim brief
Sport club,long swim briefs
Sport club,flip flop
Sport club,sarong
Sport club,T-shirt
Sport club,Religious swimwear
Sport club,compression shirt
Sport club,compression short
Sport club,championship belt
Sport club,fan
Sport club,championship medal
Sport club,sport bag
Sport club,cap
Sport club,fire extinguisher
Sport club,swimming cap
Sport club,goggles
Sport club,curtain
Sport club,symbol
Sport club,judo mat
Sport club,water pipe
Sport club,uniform
Sport club,changing room
Sport club,bathroom
Sport club,steel locker
Sport club,Receiptionist
Sport club,seat
Sport club,sofa
Sport club,exit
Sport club,stick together
Sport club,spacious
Sport club,Sport club
Sport club,room
Sport club,public school
Sport club,outside
Sport club,product
Sport club,surfing
Sport club,popular
Sport club,flattering
Sport club,prefer
Sport club,shape
Sport club,engage
Sport club,recommend
Sport club,wrap
Sport club,cotton
Sport club,religious
Sport club,context
Sport club,tight
Sport club,retain
Sport club,cool
Sport club,player
Sport club,local
Sport club,size
Sport club,discount
Sport club,allow
Sport club,pair
Sport club,disappear
Sport club,arrest
Sport club,section
Sport club,exotic
Sport club,wear
Sport club,obstacle
Sport club,land
Sport club,serve
Sport club,check in
Sport club,remember
Sport club,young
Sport club,gate
Sport club,choppy
Sport club,butter
Sport club,budget
Sport club,kitchen
,
Living room,mat
Living room,ceiling
Living room,living room
Living room,wing chair
Living room,TV stand
Living room,sofa
Living room,telephone
Living room,television
Living room,speaker
Living room,end table
Living room,cushion
Living room,tea set
Living room,fireplace
Living room,remote
Living room,fan
Living room,table
Living room,carpet
Living room,floor lamp
Living room,curtain
Living room,picture
Living room,grandfather clock
Living room,plant
Living room,vase
Living room,blind
Living room,candle
Living room,ceiling
Living room,painting
Living room,wallpaper
Living room,cabinet
Living room,rocking chair
Living room,mirror
Living room,pillow
Living room,bureau
Living room,hat stand
Living room,nightstand
Living room,table lamp
Living room,hope chest
Living room,ironing board
Living room,air conditioner
Living room,clothes valet
Living room,upholstered bench
Living room,bookshelf
Living room,card table
Living room,conference table
Living room,dining room table
Living room,picnic table
Living room,bar table
Living room,patio table
Living room,worktable
Living room,computer desk
Living room,flower bouquet
Living room,statue
Living room,well design
Living room,coarse
Living room,line
Living room,afternoon
Living room,scroll
Living room,hot dog
Living room,drink
Living room,bill
Living room,programmes
Living room,stereo effect
Living room,crash out
Living room,shipping
Living room,package
Living room,fireplace
Living room,remote
Living room,cardboard
Living room,full power
Living room,go away
Living room,hang
Living room,kitchen cupboard
Living room,vegetable garden
Living room,century
Living room,business
Living room,intention
Living room,study
Living room,disappear
Living room,original
Living room,gleaming
Living room,need
Living room,van
Living room,cotton
Living room,debt
Living room,accessory
Living room,teach
Living room,switch off
Living room,ribbon
Living room,sparkling
Living room,cut
Living room,timer
Living room,consider
Living room,remove
Living room,set up
Living room,opponent
Living room,sit around
Living room,waterside
Living room,deliver
Living room,example
Living room,spread out
Living room,input
Living room,arrange
Living room,ceremony
Living room,plan
,
Factory,fabrics inspection machine
Factory,plotter printing machine
Factory,cutting machine
Factory,fusing machine
Factory,embroidery machine
Factory,sewing machine
Factory,thread sucking machine
Factory,iron machine
Factory,pull test machine
Factory,metal detector machine
Factory,barcode scanning machine
Factory,heat seal joining machine
Factory,case label printing machine
Factory,moisture checking machine
Factory,digital hygrometer
Factory,air compressor machine
Factory,boiler machine
Factory,electric generator
Factory,water pump
Factory,blister packing
Factory,high-frequency trading
Factory,auto-packing
Factory,auto tracking
Factory,self auto packing
Factory,silicone rubber
Factory,hot stamping
Factory,oven room
Factory,UV tunnel
Factory,plate processor
Factory,coprocessing
Factory,screen printing
Factory,sweatshop
Factory,manufacture
Factory,tannery
Factory,building
Factory,derrick
Factory,brickworks
Factory,gasholder
Factory,gasometer
Factory,refinery
Factory,shipyard
Factory,smokestack
Factory,lumberyard
Factory,slaughterhouse
Factory,cannery
Factory,productive
Factory,power plant
Factory,process
Factory,time clock
Factory,time card
Factory,locker room
Factory,assembly line
Factory,factory worker
Factory,workstation
Factory,line supervisor
Factory,quality control supervisor
Factory,machine
Factory,conveyor belt
Factory,warehouse
Factory,packer
Factory,forklift
Factory,freight elevator
Factory,suggestion box
Factory,shipping department
Factory,shipping clerk
Factory,hand truck
Factory,payroll office
Factory,personnel officer
,
Gym,sit-up
Gym,weights
Gym,dumbbell
Gym,curl
Gym,treadmill
Gym,stability ball
Gym,barbell
Gym,squat
Gym,stretch
Gym,push-up
Gym,rowing machine
Gym,cross-trainer
Gym,exercise bike
Gym,gym ball
Gym,trampoline
Gym,multigym
Gym,elliptical
Gym,stationary bike
Gym,bench press
Gym,fitness cycle
Gym,punching bag
Gym,run
Gym,reach
Gym,aerobics
Gym,skip
Gym,catch
Gym,bounce
Gym,tunnel
Gym,kick
Gym,jump
Gym,walk
Gym,hop
Gym,serve
Gym,hit
Gym,shoot
Gym,pass
Gym,kneel
Gym,lie down
Gym,elliptical cross trainer
Gym,step machine
Gym,yoga mat
Gym,skipping rope
Gym,kettlebell
Gym,hand grippers
Gym,ab bench
Gym,scale
Gym,jump rope
Gym,position
Gym,heaviness
Gym,lock
Gym,routine
Gym,crouch
Gym,pull
Gym,press-up
Gym,yoga
Gym,brief
Gym,bike
Gym,fitness
Gym,rush
Gym,stretch out
Gym,physical activity
Gym,leap
Gym,seize
Gym,rebound
Gym,underground
Gym,boot
Gym,hop
Gym,stroll
Gym,bounce
Gym,work
Gym,strike
Gym,gun down
Gym,proceed
Gym,fall
Gym,recline
Gym,stepper
Gym,mat
Gym,rope
Gym,handle
Gym,plate
Gym,warm-up
Gym,workout
Gym,muscle
Gym,stomach
Gym,group
Gym,look at
Gym,smoke
Gym,get fit
Gym,six-pack
Gym,tone up
Gym,cool down
Gym,bulk up
,
Oudoor house,mailbox
Oudoor house,front walk
Oudoor house,front step
Oudoor house,doorbell
Oudoor house,shutter
Oudoor house,roof
Oudoor house,antenna
Oudoor house,chimney
Oudoor house,garage
Oudoor house,driveway
Oudoor house,drainpipe
Oudoor house,deck
Oudoor house,doorknob
Oudoor house,satellite dish
Oudoor house,patio
Oudoor house,lawnmower
Oudoor house,barbecue grill
Oudoor house,lawn chair
Oudoor house,tool shed
Oudoor house,hanging basket
Oudoor house,basement
Oudoor house,fence
Oudoor house,gate
Oudoor house,garden
Oudoor house,flower bed
Oudoor house,stepping stone
Oudoor house,watering can
Oudoor house,shed
Oudoor house,shrub
Oudoor house,greenhouse
Oudoor house,arch
Oudoor house,pond
Oudoor house,hedge
Oudoor house,paving
Oudoor house,compost pile
Oudoor house,dormer window
Oudoor house,balcony
Oudoor house,Pool
Oudoor house,door knocker
Oudoor house,skylight
Oudoor house,burglar alarm
Oudoor house,ridge
Oudoor house,recycling bin
Oudoor house,earth
Oudoor house,broom
Oudoor house,pitcher
Oudoor house,hoe
Oudoor house,fertilizer
Oudoor house,slab
Oudoor house,stairway
Oudoor house,detached
Oudoor house,bungalow
Oudoor house,terraced
Oudoor house,cottage
Oudoor house,palace
Oudoor house,caravan
Oudoor house,mansion
Oudoor house,block of flats
Oudoor house,semi detached
Oudoor house,studio
Oudoor house,villa
Oudoor house,penthouse
Oudoor house,apartment
Oudoor house,stamp
Oudoor house,block
Oudoor house,column
Oudoor house,grin
Oudoor house,cover
Oudoor house,rectangular
Oudoor house,fossil
Oudoor house,chimney
Oudoor house,lock
Oudoor house,coach
Oudoor house,terminate
Oudoor house,race
Oudoor house,detonate
Oudoor house,signal
Oudoor house,utility
Oudoor house,engine
Oudoor house,hamper
Oudoor house,giant
Oudoor house,sanctuary
Oudoor house,design
Oudoor house,schoolhouse
Oudoor house,villager
Oudoor house,passenger
Oudoor house,fruit
Oudoor house,mulch
Oudoor house,riverbank
Oudoor house,homeowner
Oudoor house,judgment
Oudoor house,weather
Oudoor house,temperature
Oudoor house,parabolic
Oudoor house,bamboo
Oudoor house,prune
Oudoor house,low-maintenance
Oudoor house,compost heap
Oudoor house,master
Oudoor house,merge
Oudoor house,sulfur
Oudoor house,drop
Oudoor house,beneath
Oudoor house,midnight
Oudoor house,high pressure
Oudoor house,authority
Oudoor house,cactus
Oudoor house,sweep away
Oudoor house,mineral water
Oudoor house,knot
Oudoor house,gravedigger
Oudoor house,plank
Oudoor house,vast
Oudoor house,demolish
Oudoor house,organise
Oudoor house,remainder
Oudoor house,sale
Oudoor house,residence
Oudoor house,exhibitor
Oudoor house,showcase
Oudoor house,disturb
Oudoor house,pleasant
Oudoor house,artist
Oudoor house,luxurious
Oudoor house,distant
Oudoor house,stream
,
Forest,squirrel
Forest,frog
Forest,badger
Forest,deer
Forest,racoon
Forest,fox
Forest,owl
Forest,wolf
Forest,rabbit
Forest,hedgehog
Forest,bear
Forest,mouse
Forest,snake
Forest,worm
Forest,bird
Forest,bee
Forest,turtle
Forest,pine cone
Forest,leaf
Forest,flower
Forest,bough
Forest,dew
Forest,bark
Forest,watercourse
Forest,cascade
Forest,berries
Forest,fungi
Forest,den
Forest,fern
Forest,hare
Forest,hedgehog
Forest,mole
Forest,wood mouse
Forest,acorns
Forest,alder
Forest,beaver
Forest,boar
Forest,cypress
Forest,hollow
Forest,forest hut
Forest,coniferous tree
Forest,hazel
Forest,glade
Forest,hiking
Forest,hunting
Forest,pine
Forest,oak
Forest,elm
Forest,mushroom
Forest,kangaroo
Forest,hippopotamus
Forest,panda
Forest,antelope
Forest,eagle
Forest,lion
Forest,tiger
Forest,vulture
Forest,bull
Forest,elephant
Forest,gorilla
Forest,ostrich
Forest,ram
Forest,horse
Forest,sheep
Forest,cow
Forest,chicken
Forest,pig
Forest,dog
Forest,solution
Forest,amphibian
Forest,skunks
Forest,ranch
Forest,bison
Forest,coyotes
Forest,ear-tuft
Forest,pups
Forest,mammal
Forest,grey
Forest,DNA
Forest,gophers
Forest,copperhead
Forest,leeches
Forest,slaughter
Forest,pollinator
Forest,Omani
Forest,fibonacci
Forest,deposit
Forest,stamen
Forest,assailant
Forest,warm
Forest,disapproval
Forest,stream
Forest,beauty
Forest,inflorescences
Forest,toadstool
Forest,burrow
Forest,shade
Forest,grassland
Forest,co-habiting
Forest,mole
Forest,aggressive
Forest,conker
Forest,mature
Forest,muskrat
Forest,feral
Forest,longevity
Forest,crevice
Forest,hiker
Forest,evergreen
Forest,marsh
Forest,await
Forest,climbing
Forest,childbirth
Forest,branch
Forest,forest
Forest,cottonwood
Forest,risotto
Forest,wallabies
Forest,gazelle
Forest,insect
Forest,blueback
Forest,injured
Forest,blond
Forest,cat
Forest,bald head
Forest,continent
Forest,footage
Forest,tropical rain
Forest,emus
Forest,independent
Forest,mowing machine
Forest,wool
Forest,gallon
Forest,fowl
Forest,cattle
Forest,sniff
Forest,dinosaur
Forest,extinct